,RMSE,MAE,R²,Dir. Accuracy
0,14.697133438045496,10.387156633333113,-0.08051880868337902,0.5078779542328373
